{"cameraMode":{"drawMode":0,"name":"Shaded","section":"Shading Mode"},"sceneLighting":false,"audioPlay":false,"sceneViewState":{"showFog":false,"showMaterialUpdate":false,"showSkybox":false,"showFlares":false,"showImageEffects":false,"showParticleSystems":false},"in2DMode":false,"pivot":{"x":-1.7809942960739136,"y":-0.56203293800354,"z":1.796565294265747},"rotation":{"x":0.03899412974715233,"y":0.9545187950134277,"z":-0.2580154836177826,"w":0.14426076412200929},"size":1.8842906951904297,"orthographic":false}