{"cameraMode":{"drawMode":0,"name":"Shaded","section":"Shading Mode"},"sceneLighting":false,"audioPlay":false,"sceneViewState":{"showFog":false,"showMaterialUpdate":false,"showSkybox":false,"showFlares":false,"showImageEffects":false,"showParticleSystems":false},"in2DMode":false,"pivot":{"x":0.010511137545108796,"y":-0.0372171625494957,"z":-0.04549694061279297},"rotation":{"x":-0.010499764233827591,"y":0.988407552242279,"z":-0.081130251288414,"w":-0.12791894376277924},"size":0.24499525129795075,"orthographic":false}