{"cameraMode":{"drawMode":0,"name":"Shaded","section":"Shading Mode"},"sceneLighting":false,"audioPlay":false,"sceneViewState":{"showFog":false,"showMaterialUpdate":false,"showSkybox":false,"showFlares":false,"showImageEffects":false,"showParticleSystems":false},"in2DMode":false,"pivot":{"x":0.0,"y":-0.03101673722267151,"z":1.1920928955078126e-7},"rotation":{"x":-0.06583495438098908,"y":0.059528786689043048,"z":-0.003940073773264885,"w":-0.9960558414459229},"size":8.898340225219727,"orthographic":false}