{"cameraMode":{"drawMode":0,"name":"Shaded","section":"Shading Mode"},"sceneLighting":false,"audioPlay":false,"sceneViewState":{"showFog":false,"showMaterialUpdate":false,"showSkybox":false,"showFlares":false,"showImageEffects":false,"showParticleSystems":false},"in2DMode":false,"pivot":{"x":0.9059731960296631,"y":1.155524730682373,"z":-3.579268455505371},"rotation":{"x":0.025252830237150193,"y":-0.9747458696365356,"z":0.15870289504528047,"w":0.15510042011737824},"size":4.241995334625244,"orthographic":false}