{"cameraMode":{"drawMode":0,"name":"Shaded","section":"Shading Mode"},"sceneLighting":false,"audioPlay":false,"sceneViewState":{"showFog":false,"showMaterialUpdate":false,"showSkybox":false,"showFlares":false,"showImageEffects":false,"showParticleSystems":false},"in2DMode":false,"pivot":{"x":-5.026723384857178,"y":12.625472068786621,"z":-5.057701587677002},"rotation":{"x":-0.06564231216907501,"y":-0.9023268818855286,"z":0.14830154180526734,"w":-0.39939260482788088},"size":14.957745552062989,"orthographic":false}