{"cameraMode":{"drawMode":0,"name":"Shaded","section":"Shading Mode"},"sceneLighting":false,"audioPlay":false,"sceneViewState":{"showFog":false,"showMaterialUpdate":false,"showSkybox":false,"showFlares":false,"showImageEffects":false,"showParticleSystems":false},"in2DMode":false,"pivot":{"x":-0.00032830238342285156,"y":1.1086055040359498,"z":-0.00007317960262298584},"rotation":{"x":0.07254241406917572,"y":-0.9273156523704529,"z":0.2680584788322449,"w":0.2509572505950928},"size":1.2197285890579224,"orthographic":false}