{"cameraMode":{"drawMode":0,"name":"Shaded","section":"Shading Mode"},"sceneLighting":false,"audioPlay":false,"sceneViewState":{"showFog":false,"showMaterialUpdate":false,"showSkybox":false,"showFlares":false,"showImageEffects":false,"showParticleSystems":false},"in2DMode":false,"pivot":{"x":2.444488525390625,"y":-1.4380898475646973,"z":-6.810995101928711},"rotation":{"x":-0.26882973313331606,"y":0.6367732882499695,"z":-0.252860426902771,"w":-0.6769900321960449},"size":9.692760467529297,"orthographic":false}