{"cameraMode":{"drawMode":0,"name":"Shaded","section":"Shading Mode"},"sceneLighting":true,"audioPlay":false,"sceneViewState":{"showFog":false,"showMaterialUpdate":false,"showSkybox":false,"showFlares":false,"showImageEffects":false,"showParticleSystems":false},"in2DMode":false,"pivot":{"x":-74.94221496582031,"y":59.26494598388672,"z":-22.31946563720703},"rotation":{"x":0.06921833008527756,"y":-0.03205255791544914,"z":0.002230829792097211,"w":0.997093915939331},"size":8.91455364227295,"orthographic":false}