{"cameraMode":{"drawMode":0,"name":"Shaded","section":"Shading Mode"},"sceneLighting":false,"audioPlay":false,"sceneViewState":{"showFog":false,"showMaterialUpdate":false,"showSkybox":false,"showFlares":false,"showImageEffects":false,"showParticleSystems":false},"in2DMode":false,"pivot":{"x":-2.2027626037597658,"y":0.2499333918094635,"z":-2.2094430923461916},"rotation":{"x":0.00029678692226298153,"y":-0.9862736463546753,"z":0.1651390939950943,"w":0.001771297655068338},"size":4.187057971954346,"orthographic":false}