{"cameraMode":{"drawMode":0,"name":"Shaded","section":"Shading Mode"},"sceneLighting":false,"audioPlay":false,"sceneViewState":{"showFog":false,"showMaterialUpdate":false,"showSkybox":false,"showFlares":false,"showImageEffects":false,"showParticleSystems":false},"in2DMode":false,"pivot":{"x":0.00009394064545631409,"y":0.012544222176074982,"z":0.0019112266600131989},"rotation":{"x":0.22488629817962647,"y":0.14696510136127473,"z":-0.03433343023061752,"w":0.9626317024230957},"size":3.2631709575653078,"orthographic":false}