{"cameraMode":{"drawMode":0,"name":"Shaded","section":"Shading Mode"},"sceneLighting":false,"audioPlay":false,"sceneViewState":{"showFog":false,"showMaterialUpdate":false,"showSkybox":false,"showFlares":false,"showImageEffects":false,"showParticleSystems":false},"in2DMode":false,"pivot":{"x":-0.0588497519493103,"y":0.10692977905273438,"z":-0.1322227120399475},"rotation":{"x":0.10672394186258316,"y":0.8932199478149414,"z":-0.31435659527778628,"w":0.3032550811767578},"size":0.23385483026504517,"orthographic":false}