{"cameraMode":{"drawMode":0,"name":"Shaded","section":"Shading Mode"},"sceneLighting":false,"audioPlay":false,"sceneViewState":{"showFog":false,"showMaterialUpdate":false,"showSkybox":false,"showFlares":false,"showImageEffects":false,"showParticleSystems":false},"in2DMode":false,"pivot":{"x":1.3948297500610352,"y":1.4247164726257325,"z":-3.65329647064209},"rotation":{"x":-0.06564231216907501,"y":-0.9023268818855286,"z":0.14830154180526734,"w":-0.39939260482788088},"size":6.664128303527832,"orthographic":false}