{"cameraMode":{"drawMode":0,"name":"Shaded","section":"Shading Mode"},"sceneLighting":false,"audioPlay":false,"sceneViewState":{"showFog":false,"showMaterialUpdate":false,"showSkybox":false,"showFlares":false,"showImageEffects":false,"showParticleSystems":false},"in2DMode":false,"pivot":{"x":-0.27183517813682558,"y":1.095196008682251,"z":-0.2392578125},"rotation":{"x":-0.01726015843451023,"y":-0.9782640337944031,"z":0.1856042593717575,"w":-0.09094882011413574},"size":1.536513090133667,"orthographic":true}