{"cameraMode":{"drawMode":0,"name":"Shaded","section":"Shading Mode"},"sceneLighting":false,"audioPlay":false,"sceneViewState":{"showFog":false,"showMaterialUpdate":false,"showSkybox":false,"showFlares":false,"showImageEffects":false,"showParticleSystems":false},"in2DMode":false,"pivot":{"x":-5.0,"y":-0.4483998417854309,"z":-2.4698829650878908},"rotation":{"x":0.25707054138183596,"y":0.05360176041722298,"z":-0.014281601645052433,"w":0.9648045897483826},"size":5.6342363357543949,"orthographic":false}