{"cameraMode":{"drawMode":0,"name":"Shaded","section":"Shading Mode"},"sceneLighting":false,"audioPlay":false,"sceneViewState":{"showFog":false,"showMaterialUpdate":false,"showSkybox":false,"showFlares":false,"showImageEffects":false,"showParticleSystems":false},"in2DMode":false,"pivot":{"x":0.641488254070282,"y":0.6696968078613281,"z":0.38100653886795046},"rotation":{"x":-0.10264287889003754,"y":0.26865825057029726,"z":-0.02880425937473774,"w":-0.9573252201080322},"size":0.7914186716079712,"orthographic":false}