{"cameraMode":{"drawMode":0,"name":"Shaded","section":"Shading Mode"},"sceneLighting":false,"audioPlay":false,"sceneViewState":{"showFog":false,"showMaterialUpdate":false,"showSkybox":false,"showFlares":false,"showImageEffects":false,"showParticleSystems":false},"in2DMode":false,"pivot":{"x":-0.05295995622873306,"y":-0.013074725866317749,"z":-0.23086923360824586},"rotation":{"x":0.0007742095622234047,"y":0.9916773438453674,"z":-0.12864091992378236,"w":0.005959171801805496},"size":0.818896472454071,"orthographic":false}