{"cameraMode":{"drawMode":0,"name":"Shaded","section":"Shading Mode"},"sceneLighting":false,"audioPlay":false,"sceneViewState":{"showFog":false,"showMaterialUpdate":false,"showSkybox":false,"showFlares":false,"showImageEffects":false,"showParticleSystems":false},"in2DMode":false,"pivot":{"x":0.004875779151916504,"y":0.7167449593544006,"z":0.009655654430389405},"rotation":{"x":-0.11555568128824234,"y":-0.7934547662734985,"z":0.15919172763824464,"w":-0.5759803652763367},"size":0.9703890681266785,"orthographic":false}