{"cameraMode":{"drawMode":0,"name":"Shaded","section":"Shading Mode"},"sceneLighting":false,"audioPlay":false,"sceneViewState":{"showFog":false,"showMaterialUpdate":false,"showSkybox":false,"showFlares":false,"showImageEffects":false,"showParticleSystems":false},"in2DMode":false,"pivot":{"x":-1.8334846496582032,"y":-0.2373499870300293,"z":-1.4902763366699219},"rotation":{"x":0.08443668484687805,"y":0.8737019300460815,"z":-0.16386449337005616,"w":0.45020022988319399},"size":8.973496437072754,"orthographic":false}