{"cameraMode":{"drawMode":0,"name":"Shaded","section":"Shading Mode"},"sceneLighting":false,"audioPlay":false,"sceneViewState":{"showFog":false,"showMaterialUpdate":false,"showSkybox":false,"showFlares":false,"showImageEffects":false,"showParticleSystems":false},"in2DMode":false,"pivot":{"x":-0.00000762939453125,"y":0.0,"z":-0.000003814697265625},"rotation":{"x":-0.010499764233827591,"y":0.988407552242279,"z":-0.081130251288414,"w":-0.12791894376277924},"size":0.2741965353488922,"orthographic":false}