{"cameraMode":{"drawMode":0,"name":"Shaded","section":"Shading Mode"},"sceneLighting":false,"audioPlay":false,"sceneViewState":{"showFog":false,"showMaterialUpdate":false,"showSkybox":false,"showFlares":false,"showImageEffects":false,"showParticleSystems":false},"in2DMode":false,"pivot":{"x":-0.0017185211181640626,"y":0.08254659175872803,"z":2.499998092651367},"rotation":{"x":-0.0069983904249966148,"y":-0.9714107513427734,"z":0.23555749654769898,"w":-0.028863802552223207},"size":2.5855963230133058,"orthographic":false}