{"cameraMode":{"drawMode":0,"name":"Shaded","section":"Shading Mode"},"sceneLighting":false,"audioPlay":false,"sceneViewState":{"showFog":false,"showMaterialUpdate":false,"showSkybox":false,"showFlares":false,"showImageEffects":false,"showParticleSystems":false},"in2DMode":false,"pivot":{"x":-2.019603967666626,"y":-4.942166328430176,"z":-1.918473243713379},"rotation":{"x":0.18969644606113435,"y":-0.582891047000885,"z":0.14227013289928437,"w":0.7771885395050049},"size":6.150163650512695,"orthographic":false}