{"cameraMode":{"drawMode":0,"name":"Shaded","section":"Shading Mode"},"sceneLighting":false,"audioPlay":false,"sceneViewState":{"showFog":false,"showMaterialUpdate":false,"showSkybox":false,"showFlares":false,"showImageEffects":false,"showParticleSystems":false},"in2DMode":false,"pivot":{"x":-6.373269081115723,"y":1.3610258102416993,"z":-1.2862935066223145},"rotation":{"x":0.045708395540714267,"y":-0.9501684904098511,"z":0.16789844632148744,"w":0.2586713433265686},"size":4.095941543579102,"orthographic":false}