{"cameraMode":{"drawMode":0,"name":"Shaded","section":"Shading Mode"},"sceneLighting":false,"audioPlay":false,"sceneViewState":{"showFog":false,"showMaterialUpdate":false,"showSkybox":false,"showFlares":false,"showImageEffects":false,"showParticleSystems":false},"in2DMode":false,"pivot":{"x":0.0006043612957000732,"y":0.5140961408615112,"z":0.00394749641418457},"rotation":{"x":-0.10264287889003754,"y":0.26865825057029726,"z":-0.02880425937473774,"w":-0.9573252201080322},"size":0.8509097099304199,"orthographic":false}