{"cameraMode":{"drawMode":0,"name":"Shaded","section":"Shading Mode"},"sceneLighting":false,"audioPlay":false,"sceneViewState":{"showFog":false,"showMaterialUpdate":false,"showSkybox":false,"showFlares":false,"showImageEffects":false,"showParticleSystems":false},"in2DMode":false,"pivot":{"x":-2.402200698852539,"y":1.4999995231628419,"z":-2.40220046043396},"rotation":{"x":0.06877223402261734,"y":-0.9312323331832886,"z":0.2526187002658844,"w":0.25351622700691225},"size":3.96826434135437,"orthographic":false}