{"cameraMode":{"drawMode":0,"name":"Shaded","section":"Shading Mode"},"sceneLighting":false,"audioPlay":false,"sceneViewState":{"showFog":false,"showMaterialUpdate":false,"showSkybox":false,"showFlares":false,"showImageEffects":false,"showParticleSystems":false},"in2DMode":false,"pivot":{"x":0.0012259483337402344,"y":1.3606301546096802,"z":0.011311769485473633},"rotation":{"x":-0.06564231216907501,"y":-0.9023268818855286,"z":0.14830154180526734,"w":-0.39939260482788088},"size":2.4380545616149904,"orthographic":false}