{"cameraMode":{"drawMode":0,"name":"Shaded","section":"Shading Mode"},"sceneLighting":false,"audioPlay":false,"sceneViewState":{"showFog":false,"showMaterialUpdate":false,"showSkybox":false,"showFlares":false,"showImageEffects":false,"showParticleSystems":false},"in2DMode":false,"pivot":{"x":1.456634521484375,"y":-1.3880615234375,"z":3.873528003692627},"rotation":{"x":-0.27253156900405886,"y":0.68056321144104,"z":-0.3051467835903168,"w":-0.60782390832901},"size":5.694444179534912,"orthographic":false}