{"cameraMode":{"drawMode":0,"name":"Shaded","section":"Shading Mode"},"sceneLighting":false,"audioPlay":false,"sceneViewState":{"showFog":false,"showMaterialUpdate":false,"showSkybox":false,"showFlares":false,"showImageEffects":false,"showParticleSystems":false},"in2DMode":false,"pivot":{"x":-0.24483752250671388,"y":1.1472742557525635,"z":1.5213655233383179},"rotation":{"x":-0.16315552592277528,"y":0.7941148281097412,"z":-0.2433093786239624,"w":-0.5325078368186951},"size":0.5318397283554077,"orthographic":false}