{"cameraMode":{"drawMode":0,"name":"Shaded","section":"Shading Mode"},"sceneLighting":false,"audioPlay":false,"sceneViewState":{"showFog":false,"showMaterialUpdate":false,"showSkybox":false,"showFlares":false,"showImageEffects":false,"showParticleSystems":false},"in2DMode":false,"pivot":{"x":0.0026911497116088869,"y":0.970703661441803,"z":0.015941619873046876},"rotation":{"x":-0.11555568128824234,"y":-0.7934547662734985,"z":0.15919172763824464,"w":-0.5759803652763367},"size":1.3241286277770997,"orthographic":false}