{"cameraMode":{"drawMode":0,"name":"Shaded","section":"Shading Mode"},"sceneLighting":false,"audioPlay":false,"sceneViewState":{"showFog":false,"showMaterialUpdate":false,"showSkybox":false,"showFlares":false,"showImageEffects":false,"showParticleSystems":false},"in2DMode":false,"pivot":{"x":-0.09902381896972656,"y":-2.7899937629699709,"z":-2.5872459411621095},"rotation":{"x":0.21040740609169007,"y":0.714735746383667,"z":-0.24194173514842988,"w":0.621575117111206},"size":4.7387166023254398,"orthographic":false}