{"cameraMode":{"drawMode":0,"name":"Shaded","section":"Shading Mode"},"sceneLighting":false,"audioPlay":false,"sceneViewState":{"showFog":false,"showMaterialUpdate":false,"showSkybox":false,"showFlares":false,"showImageEffects":false,"showParticleSystems":false},"in2DMode":false,"pivot":{"x":-0.000017404556274414063,"y":0.029926881194114686,"z":0.0000014156103134155274},"rotation":{"x":0.24875284731388093,"y":0.007264398038387299,"z":-0.001865087659098208,"w":0.9685419201850891},"size":0.31329983472824099,"orthographic":false}