{"cameraMode":{"drawMode":0,"name":"Shaded","section":"Shading Mode"},"sceneLighting":false,"audioPlay":false,"sceneViewState":{"showFog":false,"showMaterialUpdate":false,"showSkybox":false,"showFlares":false,"showImageEffects":false,"showParticleSystems":false},"in2DMode":false,"pivot":{"x":-2.4999961853027345,"y":-0.08029915392398834,"z":-2.499988555908203},"rotation":{"x":0.25707054138183596,"y":0.05360176041722298,"z":-0.014281601645052433,"w":0.9648045897483826},"size":3.5387251377105715,"orthographic":false}