{"cameraMode":{"drawMode":0,"name":"Shaded","section":"Shading Mode"},"sceneLighting":false,"audioPlay":false,"sceneViewState":{"showFog":false,"showMaterialUpdate":false,"showSkybox":false,"showFlares":false,"showImageEffects":false,"showParticleSystems":false},"in2DMode":false,"pivot":{"x":0.1612262725830078,"y":0.02865886688232422,"z":-0.6485061645507813},"rotation":{"x":0.046498410403728488,"y":0.9461753368377686,"z":-0.2787490487098694,"w":0.15785884857177735},"size":1.7439541816711426,"orthographic":false}