{"cameraMode":{"drawMode":0,"name":"Shaded","section":"Shading Mode"},"sceneLighting":false,"audioPlay":false,"sceneViewState":{"showFog":false,"showMaterialUpdate":false,"showSkybox":false,"showFlares":false,"showImageEffects":false,"showParticleSystems":false},"in2DMode":false,"pivot":{"x":-8.642673492431641e-7,"y":0.3369213342666626,"z":9.57399606704712e-7},"rotation":{"x":0.18770381808280946,"y":-0.2841559052467346,"z":0.056831613183021548,"w":0.9385066032409668},"size":0.6768671274185181,"orthographic":false}