{"cameraMode":{"drawMode":0,"name":"Shaded","section":"Shading Mode"},"sceneLighting":false,"audioPlay":false,"sceneViewState":{"showFog":false,"showMaterialUpdate":false,"showSkybox":false,"showFlares":false,"showImageEffects":false,"showParticleSystems":false},"in2DMode":false,"pivot":{"x":-0.000011682510375976563,"y":0.0,"z":0.008845806121826172},"rotation":{"x":0.26903077960014346,"y":0.009808921255171299,"z":-0.0027377137448638679,"w":0.9630884528160095},"size":2.1953701972961427,"orthographic":false}