{"cameraMode":{"drawMode":0,"name":"Shaded","section":"Shading Mode"},"sceneLighting":false,"audioPlay":false,"sceneViewState":{"showFog":false,"showMaterialUpdate":false,"showSkybox":false,"showFlares":false,"showImageEffects":false,"showParticleSystems":false},"in2DMode":false,"pivot":{"x":-2.483921527862549,"y":1.5882635116577149,"z":-2.0925703048706056},"rotation":{"x":0.00029678692226298153,"y":-0.9862736463546753,"z":0.1651390939950943,"w":0.001771297655068338},"size":4.27929162979126,"orthographic":false}