{"cameraMode":{"drawMode":0,"name":"Shaded","section":"Shading Mode"},"sceneLighting":true,"audioPlay":false,"sceneViewState":{"showFog":false,"showMaterialUpdate":false,"showSkybox":false,"showFlares":false,"showImageEffects":false,"showParticleSystems":false},"in2DMode":false,"pivot":{"x":157.95570373535157,"y":391.5849914550781,"z":-4.6746826171875},"rotation":{"x":-0.034798864275217059,"y":-0.015892578288912774,"z":0.0005574654787778854,"w":-0.9992743134498596},"size":361.5169677734375,"orthographic":false}