{"cameraMode":{"drawMode":0,"name":"Shaded","section":"Shading Mode"},"sceneLighting":false,"audioPlay":false,"sceneViewState":{"showFog":false,"showMaterialUpdate":false,"showSkybox":false,"showFlares":false,"showImageEffects":false,"showParticleSystems":false},"in2DMode":false,"pivot":{"x":3.80831241607666,"y":-0.8335275650024414,"z":0.5808520317077637},"rotation":{"x":0.33753499388694765,"y":-0.19017428159713746,"z":0.06982903182506561,"w":0.9192594289779663},"size":3.5364856719970705,"orthographic":false}