{"cameraMode":{"drawMode":0,"name":"Shaded","section":"Shading Mode"},"sceneLighting":false,"audioPlay":false,"sceneViewState":{"showFog":false,"showMaterialUpdate":false,"showSkybox":false,"showFlares":false,"showImageEffects":false,"showParticleSystems":false},"in2DMode":false,"pivot":{"x":1.6657105684280396,"y":0.24676835536956788,"z":-0.12879323959350587},"rotation":{"x":-0.06640133261680603,"y":-0.9084680676460266,"z":0.15828432142734528,"w":-0.3811229467391968},"size":2.329397439956665,"orthographic":false}