{"cameraMode":{"drawMode":0,"name":"Shaded","section":"Shading Mode"},"sceneLighting":false,"audioPlay":false,"sceneViewState":{"showFog":false,"showMaterialUpdate":false,"showSkybox":false,"showFlares":false,"showImageEffects":false,"showParticleSystems":false},"in2DMode":false,"pivot":{"x":2.4324305057525636,"y":-0.4288961887359619,"z":-1.6554087400436402},"rotation":{"x":-0.04379274323582649,"y":-0.9510456919670105,"z":0.26105913519859316,"w":-0.15953946113586427},"size":1.8967907428741456,"orthographic":false}