{"cameraMode":{"drawMode":0,"name":"Shaded","section":"Shading Mode"},"sceneLighting":false,"audioPlay":false,"sceneViewState":{"showFog":false,"showMaterialUpdate":false,"showSkybox":false,"showFlares":false,"showImageEffects":false,"showParticleSystems":false},"in2DMode":false,"pivot":{"x":-0.00003223121166229248,"y":0.4740341901779175,"z":0.23717929422855378},"rotation":{"x":0.24875284731388093,"y":0.007264398038387299,"z":-0.001865087659098208,"w":0.9685419201850891},"size":0.5553057789802551,"orthographic":false}