{"cameraMode":{"drawMode":0,"name":"Shaded","section":"Shading Mode"},"sceneLighting":false,"audioPlay":false,"sceneViewState":{"showFog":false,"showMaterialUpdate":false,"showSkybox":false,"showFlares":false,"showImageEffects":false,"showParticleSystems":false},"in2DMode":false,"pivot":{"x":-2.5223934650421144,"y":1.515822172164917,"z":-2.125978708267212},"rotation":{"x":0.00029678692226298153,"y":-0.9862736463546753,"z":0.1651390939950943,"w":0.001771297655068338},"size":4.2297797203063969,"orthographic":false}