{"cameraMode":{"drawMode":0,"name":"Shaded","section":"Shading Mode"},"sceneLighting":false,"audioPlay":false,"sceneViewState":{"showFog":false,"showMaterialUpdate":false,"showSkybox":false,"showFlares":false,"showImageEffects":false,"showParticleSystems":false},"in2DMode":false,"pivot":{"x":2.384185791015625e-7,"y":1.8370962142944337,"z":0.2438184916973114},"rotation":{"x":-0.06640133261680603,"y":-0.9084680676460266,"z":0.15828432142734528,"w":-0.3811229467391968},"size":2.329397439956665,"orthographic":false}