{"cameraMode":{"drawMode":0,"name":"Shaded","section":"Shading Mode"},"sceneLighting":false,"audioPlay":false,"sceneViewState":{"showFog":false,"showMaterialUpdate":false,"showSkybox":false,"showFlares":false,"showImageEffects":false,"showParticleSystems":false},"in2DMode":false,"pivot":{"x":2.499995708465576,"y":-1.2029460668563843,"z":-2.5},"rotation":{"x":0.25707054138183596,"y":0.05360176041722298,"z":-0.014281601645052433,"w":0.9648045897483826},"size":3.550448179244995,"orthographic":false}