{"cameraMode":{"drawMode":0,"name":"Shaded","section":"Shading Mode"},"sceneLighting":false,"audioPlay":false,"sceneViewState":{"showFog":false,"showMaterialUpdate":false,"showSkybox":false,"showFlares":false,"showImageEffects":false,"showParticleSystems":false},"in2DMode":false,"pivot":{"x":-1.2353780221019407e-7,"y":6.0298614501953129,"z":-1.3693342208862305},"rotation":{"x":0.16527105867862702,"y":-0.7419922351837158,"z":0.19817981123924256,"w":0.6187731027603149},"size":-3.479574203491211,"orthographic":false}