{"cameraMode":{"drawMode":0,"name":"Shaded","section":"Shading Mode"},"sceneLighting":false,"audioPlay":false,"sceneViewState":{"showFog":false,"showMaterialUpdate":false,"showSkybox":false,"showFlares":false,"showImageEffects":false,"showParticleSystems":false},"in2DMode":false,"pivot":{"x":0.0,"y":-1.1920928955078126e-7,"z":-0.000003814697265625},"rotation":{"x":0.25707054138183596,"y":0.05360176041722298,"z":-0.014281601645052433,"w":0.9648045897483826},"size":15.558835983276368,"orthographic":false}