{"cameraMode":{"drawMode":0,"name":"Shaded","section":"Shading Mode"},"sceneLighting":false,"audioPlay":false,"sceneViewState":{"showFog":false,"showMaterialUpdate":false,"showSkybox":false,"showFlares":false,"showImageEffects":false,"showParticleSystems":false},"in2DMode":false,"pivot":{"x":-0.0000016689300537109376,"y":0.12452006340026856,"z":-2.669651508331299},"rotation":{"x":0.14925917983055116,"y":-0.7628532648086548,"z":0.1898372769355774,"w":0.5997877717018127},"size":4.20094633102417,"orthographic":false}