{"cameraMode":{"drawMode":0,"name":"Shaded","section":"Shading Mode"},"sceneLighting":false,"audioPlay":false,"sceneViewState":{"showFog":false,"showMaterialUpdate":false,"showSkybox":false,"showFlares":false,"showImageEffects":false,"showParticleSystems":false},"in2DMode":false,"pivot":{"x":-5.123331546783447,"y":0.7054042816162109,"z":-0.5202824473381043},"rotation":{"x":0.3196357786655426,"y":0.6099957823753357,"z":-0.2942095696926117,"w":0.6627139449119568},"size":3.586117744445801,"orthographic":false}