{"cameraMode":{"drawMode":0,"name":"Shaded","section":"Shading Mode"},"sceneLighting":false,"audioPlay":false,"sceneViewState":{"showFog":false,"showMaterialUpdate":false,"showSkybox":false,"showFlares":false,"showImageEffects":false,"showParticleSystems":false},"in2DMode":false,"pivot":{"x":-6.091066360473633,"y":0.003921985626220703,"z":-0.7961487770080566},"rotation":{"x":0.06877223402261734,"y":-0.9312323331832886,"z":0.2526187002658844,"w":0.25351622700691225},"size":4.164620399475098,"orthographic":false}