{"cameraMode":{"drawMode":0,"name":"Shaded","section":"Shading Mode"},"sceneLighting":false,"audioPlay":false,"sceneViewState":{"showFog":false,"showMaterialUpdate":false,"showSkybox":false,"showFlares":false,"showImageEffects":false,"showParticleSystems":false},"in2DMode":false,"pivot":{"x":0.0,"y":2.9507389068603517,"z":0.039491891860961917},"rotation":{"x":0.00029678692226298153,"y":-0.9862736463546753,"z":0.1651390939950943,"w":0.001771297655068338},"size":6.938771724700928,"orthographic":false}