{"cameraMode":{"drawMode":0,"name":"Shaded","section":"Shading Mode"},"sceneLighting":false,"audioPlay":false,"sceneViewState":{"showFog":false,"showMaterialUpdate":false,"showSkybox":false,"showFlares":false,"showImageEffects":false,"showParticleSystems":false},"in2DMode":false,"pivot":{"x":-7.556581497192383,"y":12.725674629211426,"z":-7.600198268890381},"rotation":{"x":-0.3078252077102661,"y":-0.6087827682495117,"z":0.2769177258014679,"w":-0.6767278909683228},"size":17.206743240356447,"orthographic":false}