{"cameraMode":{"drawMode":0,"name":"Shaded","section":"Shading Mode"},"sceneLighting":false,"audioPlay":false,"sceneViewState":{"showFog":false,"showMaterialUpdate":false,"showSkybox":false,"showFlares":false,"showImageEffects":false,"showParticleSystems":false},"in2DMode":false,"pivot":{"x":-5.085956573486328,"y":12.619478225708008,"z":-5.018378257751465},"rotation":{"x":-0.06564231216907501,"y":-0.9023268818855286,"z":0.14830154180526734,"w":-0.39939260482788088},"size":14.95068645477295,"orthographic":false}