{"cameraMode":{"drawMode":0,"name":"Shaded","section":"Shading Mode"},"sceneLighting":false,"audioPlay":false,"sceneViewState":{"showFog":false,"showMaterialUpdate":false,"showSkybox":false,"showFlares":false,"showImageEffects":false,"showParticleSystems":false},"in2DMode":false,"pivot":{"x":9.5367431640625e-7,"y":1.309239387512207,"z":0.13355284929275514},"rotation":{"x":-0.11194448918104172,"y":0.8333211541175842,"z":-0.18312044441699983,"w":-0.5094225406646729},"size":1.5373247861862183,"orthographic":false}