{"cameraMode":{"drawMode":0,"name":"Shaded","section":"Shading Mode"},"sceneLighting":false,"audioPlay":false,"sceneViewState":{"showFog":false,"showMaterialUpdate":false,"showSkybox":false,"showFlares":false,"showImageEffects":false,"showParticleSystems":false},"in2DMode":false,"pivot":{"x":0.00049629807472229,"y":0.029332235455513,"z":0.000004231929779052734},"rotation":{"x":0.24875284731388093,"y":0.007264398038387299,"z":-0.001865087659098208,"w":0.9685419201850891},"size":0.32458287477493288,"orthographic":false}