{"cameraMode":{"drawMode":0,"name":"Shaded","section":"Shading Mode"},"sceneLighting":false,"audioPlay":false,"sceneViewState":{"showFog":false,"showMaterialUpdate":false,"showSkybox":false,"showFlares":false,"showImageEffects":false,"showParticleSystems":false},"in2DMode":false,"pivot":{"x":-4.256986618041992,"y":-0.1728973388671875,"z":-2.8051862716674806},"rotation":{"x":0.00029678692226298153,"y":-0.9862736463546753,"z":0.1651390939950943,"w":0.001771297655068338},"size":5.747950553894043,"orthographic":false}