{"cameraMode":{"drawMode":0,"name":"Shaded","section":"Shading Mode"},"sceneLighting":false,"audioPlay":false,"sceneViewState":{"showFog":false,"showMaterialUpdate":false,"showSkybox":false,"showFlares":false,"showImageEffects":false,"showParticleSystems":false},"in2DMode":false,"pivot":{"x":-0.010308027267456055,"y":0.09655475616455078,"z":0.0},"rotation":{"x":0.12257667630910874,"y":-0.8769596219062805,"z":0.3436756730079651,"w":0.3127734661102295},"size":2.6035959720611574,"orthographic":false}