{"cameraMode":{"drawMode":0,"name":"Shaded","section":"Shading Mode"},"sceneLighting":false,"audioPlay":false,"sceneViewState":{"showFog":false,"showMaterialUpdate":false,"showSkybox":false,"showFlares":false,"showImageEffects":false,"showParticleSystems":false},"in2DMode":false,"pivot":{"x":-6.771206855773926,"y":1.3430960178375245,"z":-1.0557503700256348},"rotation":{"x":0.05316518619656563,"y":-0.9382193684577942,"z":0.16723866760730744,"w":0.29825901985168459},"size":3.9659383296966554,"orthographic":false}