{"cameraMode":{"drawMode":0,"name":"Shaded","section":"Shading Mode"},"sceneLighting":false,"audioPlay":false,"sceneViewState":{"showFog":false,"showMaterialUpdate":false,"showSkybox":false,"showFlares":false,"showImageEffects":false,"showParticleSystems":false},"in2DMode":false,"pivot":{"x":-4.999728202819824,"y":2.95721435546875,"z":-4.999687194824219},"rotation":{"x":-0.06564231216907501,"y":-0.9023268818855286,"z":0.14830154180526734,"w":-0.39939260482788088},"size":8.424063682556153,"orthographic":false}