{"cameraMode":{"drawMode":0,"name":"Shaded","section":"Shading Mode"},"sceneLighting":false,"audioPlay":false,"sceneViewState":{"showFog":false,"showMaterialUpdate":false,"showSkybox":false,"showFlares":false,"showImageEffects":false,"showParticleSystems":false},"in2DMode":false,"pivot":{"x":-2.5,"y":0.34909558296203616,"z":2.499999523162842},"rotation":{"x":0.24611029028892518,"y":-0.5321614146232605,"z":0.16513770818710328,"w":0.7930791974067688},"size":3.6015985012054445,"orthographic":false}