{"cameraMode":{"drawMode":0,"name":"Shaded","section":"Shading Mode"},"sceneLighting":false,"audioPlay":false,"sceneViewState":{"showFog":false,"showMaterialUpdate":false,"showSkybox":false,"showFlares":false,"showImageEffects":false,"showParticleSystems":false},"in2DMode":false,"pivot":{"x":0.003912210464477539,"y":1.090604305267334,"z":0.0054484084248542789},"rotation":{"x":0.07254241406917572,"y":-0.9273156523704529,"z":0.2680584788322449,"w":0.2509572505950928},"size":1.1878963708877564,"orthographic":false}