{"cameraMode":{"drawMode":0,"name":"Shaded","section":"Shading Mode"},"sceneLighting":false,"audioPlay":false,"sceneViewState":{"showFog":false,"showMaterialUpdate":false,"showSkybox":false,"showFlares":false,"showImageEffects":false,"showParticleSystems":false},"in2DMode":false,"pivot":{"x":2.515150785446167,"y":-0.013077199459075928,"z":-2.5},"rotation":{"x":-0.033266738057136539,"y":-0.04735970497131348,"z":0.0015789587050676346,"w":-0.9983294606208801},"size":2.8265461921691896,"orthographic":false}