{"cameraMode":{"drawMode":0,"name":"Shaded","section":"Shading Mode"},"sceneLighting":true,"audioPlay":false,"sceneViewState":{"showFog":false,"showMaterialUpdate":false,"showSkybox":false,"showFlares":false,"showImageEffects":false,"showParticleSystems":false},"in2DMode":false,"pivot":{"x":-26.252763748168947,"y":-24.714082717895509,"z":16.775062561035158},"rotation":{"x":0.1582404375076294,"y":-0.5840306282043457,"z":0.1173652857542038,"w":0.7874767780303955},"size":30.4788818359375,"orthographic":false}