{"cameraMode":{"drawMode":0,"name":"Shaded","section":"Shading Mode"},"sceneLighting":false,"audioPlay":false,"sceneViewState":{"showFog":false,"showMaterialUpdate":false,"showSkybox":false,"showFlares":false,"showImageEffects":false,"showParticleSystems":false},"in2DMode":false,"pivot":{"x":-0.08394330739974976,"y":-0.014057591557502747,"z":0.01336584985256195},"rotation":{"x":-0.24983707070350648,"y":0.4483061730861664,"z":-0.13207219541072846,"w":-0.8480375409126282},"size":0.1307147890329361,"orthographic":false}