{"cameraMode":{"drawMode":0,"name":"Shaded","section":"Shading Mode"},"sceneLighting":false,"audioPlay":false,"sceneViewState":{"showFog":false,"showMaterialUpdate":false,"showSkybox":false,"showFlares":false,"showImageEffects":false,"showParticleSystems":false},"in2DMode":false,"pivot":{"x":-4.084003925323486,"y":0.5527510643005371,"z":-6.50707483291626},"rotation":{"x":-0.05064466968178749,"y":-0.9359748363494873,"z":0.1509493887424469,"w":-0.31402456760406496},"size":6.151630878448486,"orthographic":false}